{
	"class_name" : "PinholeCameraParameters",
	"extrinsic" : 
	[
		-0.45791288021671844,
		-0.063968473244076493,
		0.88669263477399607,
		0.0,
		-0.82688260740734809,
		0.39692646349357497,
		-0.39838992977447246,
		0.0,
		-0.32646737616315441,
		-0.91561859800317824,
		-0.23465215808050821,
		0.0,
		24.140908534914253,
		1.66185548909632,
		40.120772941241668,
		1.0
	],
	"intrinsic" : 
	{
		"height" : 1055,
		"intrinsic_matrix" : 
		[
			913.65680099258282,
			0.0,
			0.0,
			0.0,
			913.65680099258282,
			0.0,
			959.5,
			527.0,
			1.0
		],
		"width" : 1920
	},
	"version_major" : 1,
	"version_minor" : 0
}