{
	"class_name" : "PinholeCameraParameters",
	"extrinsic" : 
	[
		0.28667784484118064,
		-0.89098017141583408,
		0.35209394686791612,
		0.0,
		-0.82590021747443643,
		-0.043598492800952987,
		0.56212810123775514,
		0.0,
		-0.48549422659069247,
		-0.45194413987714921,
		-0.74835943929224891,
		0.0,
		17.777465524843379,
		-8.6514197448320118,
		36.077279097514214,
		1.0
	],
	"intrinsic" : 
	{
		"height" : 1001,
		"intrinsic_matrix" : 
		[
			866.89142918822313,
			0.0,
			0.0,
			0.0,
			866.89142918822313,
			0.0,
			959.5,
			500.0,
			1.0
		],
		"width" : 1920
	},
	"version_major" : 1,
	"version_minor" : 0
}