{
	"class_name" : "PinholeCameraParameters",
	"extrinsic" : 
	[
		-0.22880294329532189,
		0.45859389417422142,
		0.85868553811364545,
		0.0,
		-0.934708535871421,
		0.14294561165354941,
		-0.32540206680059258,
		0.0,
		-0.27197273045013615,
		-0.87707365274252524,
		0.39594525070567771,
		0.0,
		22.50159028641329,
		-6.8677164151195811,
		30.606661796054077,
		1.0
	],
	"intrinsic" : 
	{
		"height" : 1055,
		"intrinsic_matrix" : 
		[
			913.65680099258282,
			0.0,
			0.0,
			0.0,
			913.65680099258282,
			0.0,
			959.5,
			527.0,
			1.0
		],
		"width" : 1920
	},
	"version_major" : 1,
	"version_minor" : 0
}