{
	"class_name" : "PinholeCameraParameters",
	"extrinsic" : 
	[
		0.99963698786747357,
		0.0053534642697898125,
		-0.026405168197847318,
		0.0,
		-0.0022868359547551856,
		-0.95966420844896272,
		-0.28113942698124378,
		0.0,
		-0.026845164714722137,
		0.28109775424634426,
		-0.95930359620356964,
		0.0,
		1.5802358038148596,
		-21.019756722722573,
		141.41970425067609,
		1.0
	],
	"intrinsic" : 
	{
		"height" : 1055,
		"intrinsic_matrix" : 
		[
			913.65680099258282,
			0.0,
			0.0,
			0.0,
			913.65680099258282,
			0.0,
			959.5,
			527.0,
			1.0
		],
		"width" : 1920
	},
	"version_major" : 1,
	"version_minor" : 0
}