{
	"class_name" : "PinholeCameraParameters",
	"extrinsic" : 
	[
		-0.14809421935201977,
		0.0095354238294365016,
		-0.98892728645078298,
		0.0,
		-0.29289118950245846,
		-0.95551780525714936,
		0.034647870762797933,
		0.0,
		-0.94460724817584951,
		0.29477923863283451,
		0.14429950507432651,
		0.0,
		2.6612044653312026,
		-23.387454006562827,
		135.35829369285204,
		1.0
	],
	"intrinsic" : 
	{
		"height" : 1001,
		"intrinsic_matrix" : 
		[
			866.89142918822313,
			0.0,
			0.0,
			0.0,
			866.89142918822313,
			0.0,
			959.5,
			500.0,
			1.0
		],
		"width" : 1920
	},
	"version_major" : 1,
	"version_minor" : 0
}