{
	"class_name" : "PinholeCameraParameters",
	"extrinsic" : 
	[
		0.999089790736989,
		0.040143253797550842,
		0.014425991115527137,
		0.0,
		0.042650360222270728,
		-0.94589188602743202,
		-0.32166673238054649,
		0.0,
		0.00073267866789979846,
		0.32198922205877173,
		-0.94674305070592235,
		0.0,
		0.54369182898296808,
		-23.323863784141462,
		166.62296425668652,
		1.0
	],
	"intrinsic" : 
	{
		"height" : 1055,
		"intrinsic_matrix" : 
		[
			913.65680099258282,
			0.0,
			0.0,
			0.0,
			913.65680099258282,
			0.0,
			959.5,
			527.0,
			1.0
		],
		"width" : 1920
	},
	"version_major" : 1,
	"version_minor" : 0
}