{
	"class_name" : "PinholeCameraParameters",
	"extrinsic" : 
	[
		0.95873315339431309,
		-0.030830966666308905,
		-0.28263084063317934,
		0.0,
		-0.017095003439312466,
		-0.99855545504388665,
		0.050938826640457596,
		0.0,
		-0.28379306094407342,
		-0.044005166702532177,
		-0.95787527573451647,
		0.0,
		34.531114919323556,
		-20.756666907191303,
		155.45463752976212,
		1.0
	],
	"intrinsic" : 
	{
		"height" : 1001,
		"intrinsic_matrix" : 
		[
			866.89142918822313,
			0.0,
			0.0,
			0.0,
			866.89142918822313,
			0.0,
			959.5,
			500.0,
			1.0
		],
		"width" : 1920
	},
	"version_major" : 1,
	"version_minor" : 0
}